provinsi;kab_kota;ADM2_PCODE;kepadatan_penduduk;laju_pertumbuhan;kemiskinan;rasio_jk;rasio_dokter;rasio_puskesmas;rasio_rs;TPT;sanitasi;butahuruf;krt_perempuan;pendidikan_rendah;balita;lansia;perkotaan;jamkes;tabungan;internet;telepon;informal;rata2_jumlah_ART;komersial_density;disabilitas;pelatihan_bencana;fasilitas_mitigasi;POI_density;area_terbangun
DKI Jakarta;Kepulauan Seribu;ID3101;2686.000;1.053;13.03;100.01;1.3322581780;3.9266556810;3.5059425730;7.93;89.10;0.024056;0.029139;0.366407;0.086656;0.088228;1.000000;0.002304;0.530117;0.769461;57.48911573;51.97348408;3.972079711;52.867132870;6.7314097400;100.00000000;100.00000000;10.815850820;5.531741482
DKI Jakarta;Jakarta Selatan;ID3171;15390.000;-0.219;3.03;100.65;1.3602575770;0.5582379006;2.2812606510;5.22;92.61;0.010172;0.031882;0.193383;0.074832;0.113351;1.000000;0.070095;0.709348;0.872335;71.90390408;34.30451755;3.827070032;72.270287430;2.2347408260;87.69230769;96.92307692;27.762829270;35.664788520
DKI Jakarta;Jakarta Timur;ID3172;16633.000;0.208;4.09;100.54;0.7799668660;0.4312223139;1.4287486310;6.95;97.15;0.012033;0.029112;0.183873;0.078991;0.103051;1.000000;0.035854;0.668991;0.828254;70.57742040;33.12479538;3.780154049;75.731117080;2.2535262490;83.07692308;98.46153846;27.131908290;33.615955860
DKI Jakarta;Jakarta Pusat;ID3173;21955.000;-0.477;4.63;102.66;4.1369885470;0.6709145213;3.5261132510;6.24;90.30;0.007364;0.038783;0.185008;0.064007;0.132297;1.000000;0.018001;0.722220;0.825980;70.91508594;38.85666590;3.605160918;154.819720400;2.4311121360;95.45454546;100.00000000;44.318301270;35.245237930
DKI Jakarta;Jakarta Barat;ID3174;19837.000;0.385;3.94;101.10;0.8951221309;0.4858193384;1.0930935110;6.18;94.94;0.024077;0.041947;0.220595;0.076584;0.100131;1.000000;0.048894;0.632136;0.826547;69.49394930;34.99285206;3.735286566;91.512000000;3.4630821840;92.85714286;100.00000000;28.320000000;37.489570450
DKI Jakarta;Jakarta Utara;ID3175;12333.000;0.365;6.44;101.68;0.9347783426;0.4333922061;1.5478293080;6.18;91.39;0.016605;0.043199;0.216319;0.076498;0.099723;1.000000;0.044811;0.660052;0.814497;69.33828375;36.62190822;3.737942530;95.236801350;2.0193644500;100.00000000;100.00000000;20.487460260;26.939027680
Jawa Barat;Bogor;ID3201;1899.000;0.983;7.05;105.16;0.4047656759;0.2843918836;0.5455537370;7.34;67.18;0.025442;0.028025;0.407198;0.085881;0.082816;0.952520;0.277097;0.394680;0.746326;57.56961893;42.09990040;3.971445437;23.869067910;1.3114407900;50.80459770;97.01149425;6.264832307;6.146821072
Jawa Barat;Sukabumi;ID3202;679.000;0.914;6.87;102.78;0.2241851189;0.3281447797;0.3182438597;7.11;51.90;0.021311;0.029134;0.544999;0.079373;0.120878;0.581269;0.353586;0.395466;0.605340;51.47690741;62.50900688;3.628428976;10.205684230;2.3613694390;55.95854922;92.74611399;4.880467803;1.935091730
Jawa Barat;Cianjur;ID3203;712.000;1.052;10.14;104.70;0.1605422071;0.2909102163;0.2707940843;5.99;63.30;0.028632;0.023668;0.517793;0.080888;0.124166;0.503522;0.504797;0.345718;0.681199;51.08021625;67.68262490;3.613992450;9.838873103;2.0692536530;52.22222222;95.27777778;5.842089033;2.080490026
Jawa Barat;Bandung;ID3204;2156.000;0.860;6.19;103.53;0.2821652385;0.2643134246;0.4529564735;6.36;69.12;0.015588;0.023281;0.362042;0.082489;0.102314;0.992219;0.355308;0.422483;0.728461;56.68408319;42.71826625;3.853084187;38.442361160;2.0257812170;63.21428571;98.92857143;8.407435491;5.950984783
Jawa Barat;Garut;ID3205;876.000;1.241;9.68;104.57;0.1939675003;0.3945600766;0.3312537956;6.96;49.99;0.017269;0.024666;0.496422;0.084502;0.128384;0.596455;0.483718;0.396383;0.704158;48.75322079;63.44296863;3.989408401;12.850343730;3.1940227090;50.00000000;95.24886878;5.793811508;2.189261080
Jawa Barat;Tasikmalaya;ID3206;710.000;0.724;10.23;102.44;0.1556545822;0.3331736876;0.1561751661;3.74;54.68;0.014176;0.029935;0.524019;0.069808;0.156051;0.414804;0.522889;0.445573;0.587164;51.84279132;65.70300298;3.518234194;8.846355687;3.5332028400;66.66666667;95.72649573;5.343587621;1.875333070
Jawa Barat;Ciamis;ID3207;789.000;0.615;7.39;99.89;0.2533294156;0.4701285706;0.4764816594;3.37;77.12;0.015796;0.027420;0.512643;0.061170;0.191039;0.456334;0.331480;0.486588;0.698724;57.17445992;63.27335845;3.316534556;14.279358870;4.3621895920;79.24528302;100.00000000;6.544732258;2.901097044
Jawa Barat;Kuningan;ID3208;1018.000;1.007;11.88;102.55;0.3772869935;0.4876722711;1.0709019470;7.78;84.64;0.029436;0.022654;0.517101;0.069173;0.171989;0.582520;0.248352;0.435258;0.680332;54.97329938;60.69716221;3.761628095;17.244530140;4.3272676350;42.28723404;100.00000000;5.423757230;4.018307781
Jawa Barat;Cirebon;ID3209;2228.000;1.169;11.00;102.51;0.4543627196;0.4020167842;0.5443977286;6.74;87.92;0.061647;0.037284;0.462308;0.071211;0.118034;0.930300;0.256973;0.394426;0.661592;53.60097100;53.55415390;3.695684901;30.058304960;3.1734199900;34.43396226;92.92452830;8.777461635;7.917894288
Jawa Barat;Majalengka;ID3210;1017.000;0.888;10.82;100.57;0.2410279918;0.3785470300;0.4436098008;4.01;83.61;0.045275;0.030586;0.529300;0.067566;0.172046;0.617981;0.308319;0.437774;0.630289;50.46898578;56.82633211;3.380643723;18.729184990;3.6109837790;32.65306122;99.12536443;6.351067909;3.957611056
Jawa Barat;Sumedang;ID3211;758.000;0.755;9.10;101.48;0.3622181227;0.4717259272;0.4211838636;6.16;77.32;0.030299;0.031295;0.445690;0.065249;0.174223;0.585326;0.273782;0.486994;0.706381;55.39872257;62.47870213;3.343517757;17.330481420;3.6306049040;61.37184116;100.00000000;4.046098838;3.093664786
Jawa Barat;Indramayu;ID3212;922.000;1.040;11.93;100.67;0.2998892395;0.4096048149;0.6269461453;6.25;97.27;0.071723;0.037116;0.479436;0.067468;0.134413;0.578335;0.374911;0.477505;0.662688;53.06553312;65.50854900;3.345952857;10.836392010;2.5553279970;23.34384858;88.32807571;3.719063996;3.550326349
Jawa Barat;Subang;ID3213;768.000;0.812;9.49;100.20;0.2356959042;0.3848096395;0.6613915679;6.73;90.29;0.043495;0.034561;0.483253;0.062793;0.155319;0.478139;0.426058;0.420614;0.633579;55.46875832;59.80465531;3.300158490;11.798850180;2.3617691620;27.27272727;97.62845850;3.432846159;3.442986709
Jawa Barat;Purwakarta;ID3214;1058.000;1.273;8.41;102.83;0.5912371232;0.3046632519;1.0472799280;7.34;83.01;0.033520;0.028541;0.459579;0.080444;0.115972;0.700395;0.253148;0.374591;0.701584;56.86288083;46.88611675;3.776071873;15.857575850;2.3211531500;77.08333333;94.27083333;4.887774522;4.102092764
Jawa Barat;Karawang;ID3215;1335.000;1.124;7.86;102.14;0.5590397670;0.3131875445;1.0178595200;8.04;85.99;0.033105;0.027394;0.450173;0.076075;0.109891;0.758361;0.258675;0.367904;0.663339;56.23113365;55.25834275;3.574100768;20.762288960;1.7785137690;39.80582524;83.81877023;4.451562671;5.249363426
Jawa Barat;Bekasi;ID3216;2617.000;1.127;4.80;102.51;0.8036360637;0.2492463048;1.6799689660;8.82;89.16;0.020946;0.026936;0.268437;0.086461;0.068649;0.963832;0.061788;0.445928;0.790746;62.87202257;38.28340851;3.658571641;30.194561240;0.8256283848;75.93582888;100.00000000;5.985515819;10.116749890
Jawa Barat;Bandung Barat;ID3217;1468.000;1.323;10.49;103.89;0.2807572485;0.2717348038;0.6368784464;6.70;54.02;0.022016;0.030758;0.470188;0.077904;0.119348;0.783998;0.405184;0.375455;0.690463;55.55932909;52.05257830;3.723192701;20.088979620;1.7928128270;69.09090909;99.39393939;7.916225145;4.292520848
Jawa Barat;Pangandaran;ID3218;385.000;0.603;8.75;99.83;0.2326652845;0.5528680028;0.2303616678;1.58;90.30;0.031865;0.024314;0.482078;0.061093;0.182696;0.456353;0.172318;0.578513;0.636758;54.45513517;68.01695309;3.342555378;6.284458154;4.4644091220;64.51612903;100.00000000;2.857700012;1.182418260
Jawa Barat;Kota Bogor;ID3271;9683.000;0.719;6.53;103.00;1.5282607690;0.3709370798;2.0401539390;8.13;71.49;0.014679;0.026996;0.279024;0.073854;0.099656;1.000000;0.122106;0.490045;0.806474;67.01587879;31.10342778;3.952662285;85.965699920;1.0840636160;79.41176471;100.00000000;28.526533180;25.094827870
Jawa Barat;Kota Sukabumi;ID3272;7571.000;1.414;7.20;102.54;0.9104828567;0.6562038607;1.6405096520;8.34;45.88;0.033926;0.034659;0.306602;0.075632;0.125644;1.000000;0.223246;0.510600;0.779267;64.91498107;46.51471115;3.907208186;98.344028150;1.7115984030;93.93939394;93.93939394;28.710411920;19.040311830
Jawa Barat;Kota Bandung;ID3273;15176.000;0.862;3.87;100.98;2.1177457120;0.5062970698;1.6612872600;7.40;55.90;0.032420;0.040581;0.242007;0.068971;0.109104;1.000000;0.187907;0.561797;0.859131;70.60541747;41.39020438;3.678699351;234.521880100;1.9480570850;82.78145695;100.00000000;34.623927010;32.074865930
Jawa Barat;Kota Cirebon;ID3274;8744.000;0.848;9.02;100.76;1.8268812530;1.0207336520;2.8998115120;6.29;95.38;0.037151;0.033776;0.265328;0.070878;0.120798;1.000000;0.067996;0.512289;0.786448;62.96292569;40.10717436;3.706480715;77.256592290;1.8616789910;81.81818182;90.90909091;26.952332660;27.612941400
Jawa Barat;Kota Bekasi;ID3275;12411.000;0.643;4.01;100.73;1.2151766600;0.2904623950;1.8153899680;7.82;99.08;0.010117;0.028497;0.195913;0.074309;0.070345;1.000000;0.123574;0.617994;0.863262;72.64948977;30.60485059;3.832440440;107.162974100;0.7325854935;67.85714286;94.64285714;19.653586180;34.056256970
Jawa Barat;Kota Depok;ID3276;10823.000;0.848;2.34;100.90;1.1623930040;0.2810079311;1.2941154720;6.27;98.76;0.014461;0.026668;0.205239;0.079258;0.082636;1.000000;0.149959;0.574791;0.863585;71.52758638;30.74400389;3.936486235;83.117402830;0.5721839123;82.53968254;100.00000000;18.213195940;30.329649150
Jawa Barat;Kota Cimahi;ID3277;14110.000;1.337;4.39;101.29;1.2426925000;0.3474194087;1.3362284950;8.97;76.44;0.024647;0.028392;0.205353;0.075249;0.094515;1.000000;0.164768;0.579778;0.865417;69.11599271;35.56726729;3.715859798;138.675465500;2.0344078840;100.00000000;100.00000000;30.850813100;28.820378470
Jawa Barat;Kota Tasikmalaya;ID3278;4081.000;1.200;11.10;101.60;0.7312882128;0.4688769598;1.9980552260;6.49;53.16;0.012629;0.033379;0.389060;0.073767;0.123996;0.988208;0.258614;0.525684;0.763467;59.76937818;42.81727826;3.830778676;50.163096660;1.3626736640;71.01449275;100.00000000;20.153310860;11.017651240
Jawa Barat;Kota Banjar;ID3279;1601.000;1.108;5.85;102.47;0.8818342152;0.7626674293;1.9066685730;5.44;91.07;0.036156;0.034293;0.420139;0.066273;0.159465;0.867061;0.034190;0.518245;0.678684;55.35630362;54.17225762;3.600648827;30.356461340;4.1803708470;100.00000000;100.00000000;9.281734219;5.725977784
Jawa Tengah;Kabupaten Cilacap;ID3301;872.000;0.976;10.68;101.40;0.3038404246;0.2998944450;0.6412216753;7.83;83.25;0.051821;0.033910;0.492856;0.072048;0.156735;0.425403;0.365775;0.455597;0.686761;52.89853045;64.44755169;3.709903265;9.083320066;2.7261786150;70.77464789;99.64788732;4.435589712;3.100367611
Jawa Tengah;Kabupaten Banyumas;ID3302;1328.000;1.012;11.95;101.20;0.6339667587;0.3464890910;1.3534730120;6.18;83.25;0.044318;0.039120;0.443193;0.070684;0.167753;0.597418;0.205485;0.523824;0.717690;53.25364968;59.75998118;3.703804144;17.199439310;3.9023333870;61.63141994;100.00000000;7.766955397;4.755307952
Jawa Tengah;Kabupaten Purbalingga;ID3303;1288.000;1.003;14.18;102.40;0.3276666281;0.3392313326;0.8673528391;4.96;82.01;0.066300;0.027558;0.502013;0.074167;0.167436;0.389508;0.210122;0.499167;0.698710;46.75448756;58.75303623;4.017551298;18.267225970;4.6172082800;61.92468619;100.00000000;7.221753376;4.232772687
Jawa Tengah;Kabupaten Banjarnegara;ID3304;924.000;0.993;14.71;102.90;0.2401754983;0.5295207837;0.3782291312;5.57;52.40;0.070807;0.020687;0.555351;0.071896;0.159582;0.316062;0.415085;0.398350;0.662071;49.28419265;68.19589966;3.837769415;15.367280990;5.0975831160;64.74820144;100.00000000;5.495676478;2.928336509
Jawa Tengah;Kabupaten Kebumen;ID3305;1060.000;1.231;15.71;102.80;0.3619013960;0.3958296519;0.8482063969;5.07;93.43;0.061558;0.031733;0.469571;0.068684;0.185477;0.345544;0.291032;0.515720;0.755935;49.10115089;70.77996386;3.730845999;15.858631290;5.9494610360;75.00000000;99.34782609;5.597031707;3.778846076
Jawa Tengah;Kabupaten Purworejo;ID3306;735.000;0.850;10.87;100.30;0.3999849062;0.5433757217;1.5093770050;3.89;84.64;0.051061;0.040574;0.381698;0.060646;0.205289;0.362671;0.287295;0.530185;0.720943;53.90514677;66.30216776;3.450217710;12.846936610;7.6324163870;55.26315789;98.17813765;4.806972467;3.005188682
Jawa Tengah;Kabupaten Wonosobo;ID3307;910.000;1.187;15.28;103.70;0.3117836851;0.4171600526;0.5431771518;4.02;63.81;0.076420;0.028058;0.585252;0.072462;0.155751;0.312367;0.379577;0.386991;0.687636;47.54765664;68.08548140;3.666374021;15.951641920;4.7136913230;84.52830189;100.00000000;5.208477492;2.832101850
Jawa Tengah;Kabupaten Magelang;ID3308;187.000;0.812;10.83;101.10;0.3205486600;0.3458943680;0.5218234001;3.55;83.77;0.071650;0.033508;0.461137;0.066698;0.167909;0.358411;0.337149;0.412727;0.701801;48.61164670;65.58343919;3.703590641;19.286182060;5.0348503490;62.90322581;100.00000000;6.971804811;4.975961845
Jawa Tengah;Kabupaten Boyolali;ID3309;1003.000;0.899;9.63;100.90;0.4564258763;0.3636859572;1.1819793610;3.16;88.26;0.073496;0.037440;0.408228;0.066706;0.188121;0.406817;0.279943;0.479634;0.696066;51.74516598;62.69676024;3.576930108;16.689920570;4.8824839750;43.82022472;100.00000000;6.891363226;5.652478621
Jawa Tengah;Kabupaten Klaten;ID3310;1851.000;0.654;12.04;99.00;0.6188118812;0.4207920792;1.0055693070;3.97;97.86;0.062142;0.038640;0.310712;0.062812;0.195613;0.749942;0.186415;0.485195;0.751631;56.27592133;51.35659810;3.463620073;29.857448330;5.6977103960;91.52119701;100.00000000;9.814682823;9.866430460
Jawa Tengah;Kabupaten Sukoharjo;ID3311;1908.000;0.965;7.47;99.90;0.8060319652;0.2038974141;0.9557691287;3.65;97.08;0.050427;0.037760;0.282128;0.063189;0.158508;0.845124;0.216715;0.484439;0.749937;61.29200137;42.20055029;3.629372364;30.212955650;4.5834439550;55.68862275;100.00000000;8.469596580;10.774522680
Jawa Tengah;Kabupaten Wonogiri;ID3312;553.000;0.295;10.71;99.50;0.4287814827;0.5160555898;0.8537684390;2.40;96.25;0.073742;0.033125;0.450204;0.052536;0.242904;0.282950;0.320270;0.464782;0.662932;53.82940941;66.97902399;3.633645347;7.049193231;6.1547218140;92.51700680;100.00000000;3.082251082;3.203750578
Jawa Tengah;Kabupaten Karanganyar;ID3313;1198.000;0.712;9.59;99.40;0.4563836534;0.3493050285;0.9356384693;3.47;98.54;0.063991;0.036744;0.327726;0.066717;0.165350;0.588195;0.269493;0.506333;0.693860;59.60210099;47.75873498;3.788304285;16.975281740;3.7893358010;55.93220339;100.00000000;5.710727850;6.696447963
Jawa Tengah;Kabupaten Sragen;ID3314;1010.000;0.732;12.41;99.20;0.4677733986;0.3981050201;1.2938413150;3.53;95.71;0.095623;0.041817;0.411627;0.063421;0.189431;0.400983;0.376865;0.499085;0.658171;54.25773758;61.94039058;3.467989420;15.530329690;3.6814761730;34.61538462;100.00000000;5.623535799;5.881869307
Jawa Tengah;Kabupaten Grobogan;ID3315;744.000;0.904;11.43;100.60;0.3578138173;0.3186468132;0.7966170330;3.23;93.94;0.056751;0.038012;0.499776;0.067608;0.156896;0.241810;0.410660;0.464747;0.677262;53.09433045;70.89615748;3.455397851;11.637720190;3.2860452610;27.14285714;100.00000000;5.005805766;3.568345901
Jawa Tengah;Kabupaten Blora;ID3316;464.000;0.710;11.42;100.00;0.3733521294;0.4581548255;1.2114670870;3.67;90.81;0.108565;0.035642;0.459705;0.062004;0.167765;0.313656;0.370301;0.474376;0.699101;51.79769071;75.28907116;3.503648776;8.702338437;4.2280201320;31.18644068;100.00000000;3.467549520;2.520981501
Jawa Tengah;Kabupaten Rembang;ID3317;641.000;0.757;14.02;101.00;0.3667849197;0.4088749925;0.6012867537;2.84;94.89;0.060477;0.036620;0.425712;0.060451;0.144268;0.363815;0.184966;0.448757;0.687697;54.03224968;57.84108590;3.601229486;12.009175550;5.0778666350;29.93197279;88.09523810;4.891377682;2.908200857
Jawa Tengah;Kabupaten Pati;ID3318;872.000;0.839;9.17;99.70;0.4632263900;0.3384835354;0.8024394158;3.87;96.33;0.057073;0.055317;0.404863;0.061796;0.168219;0.414820;0.280833;0.474375;0.712642;62.08758469;63.76685301;3.443911042;15.872592030;4.6402882950;14.77832512;96.79802956;5.287049399;4.410197854
Jawa Tengah;Kabupaten Kudus;ID3319;1974.000;0.995;7.23;99.50;0.7234071458;0.3441561382;1.2453018160;3.19;95.90;0.043514;0.028042;0.350525;0.066627;0.117154;0.850890;0.196279;0.479475;0.748294;59.72548280;36.94567302;3.980369514;27.430997880;3.3996739570;72.72727273;100.00000000;7.987484635;8.388049251
Jawa Tengah;Kabupaten Jepara;ID3320;1208.000;0.966;6.09;101.20;0.3804100967;0.2855103498;0.4866653689;3.34;68.05;0.042726;0.037808;0.384915;0.075245;0.132449;0.676232;0.364164;0.478836;0.710188;56.32560608;46.44354172;3.791513735;16.107816710;4.0158004020;56.41025641;96.41025641;6.338642490;5.441648821
Jawa Tengah;Kabupaten Demak;ID3321;1281.000;1.008;11.89;101.80;0.3830897787;0.3447808008;0.4788622234;4.75;95.13;0.049406;0.038769;0.387726;0.071873;0.117654;0.454398;0.223432;0.412252;0.664808;53.53885767;48.56876009;3.726391523;16.207288010;3.2610517410;44.17670683;98.39357430;6.872781943;4.873638736
Jawa Tengah;Kabupaten Semarang;ID3322;1069.000;0.842;6.96;99.10;0.4597300348;0.3817319251;0.5505748919;3.73;86.32;0.050309;0.041421;0.383571;0.067302;0.152015;0.476685;0.065805;0.471397;0.743855;57.32189501;51.16627030;3.712603647;17.521363330;3.8081430030;65.53191489;100.00000000;6.460506048;4.937334998
Jawa Tengah;Kabupaten Temanggung;ID3323;942.000;0.792;8.67;100.80;0.3951502062;0.5105046142;0.4908698213;2.35;71.77;0.043852;0.024889;0.487224;0.067689;0.157556;0.328959;0.414585;0.411118;0.650937;49.79283450;71.12854548;3.830905446;13.350600700;4.4718240720;55.01730104;100.00000000;5.127019183;4.225927474
Jawa Tengah;Kabupaten Kendal;ID3324;1056.000;1.140;9.35;101.60;0.3916191621;0.4507846470;0.6573942769;5.01;83.05;0.054167;0.035516;0.445744;0.068180;0.138226;0.557580;0.318110;0.444596;0.704322;55.49506543;53.26340819;3.683693246;14.832559620;4.0270095130;45.80419580;97.90209790;6.046899179;4.756417288
Jawa Tengah;Kabupaten Batang;ID3325;978.000;1.122;8.73;101.50;0.2398024314;0.4008637660;0.3579140768;5.67;65.92;0.068418;0.034687;0.520963;0.068978;0.135625;0.483434;0.333256;0.370148;0.656778;52.56157087;55.77610950;3.932981008;15.099093630;3.6161252220;39.51612903;97.98387097;5.658660632;3.571305928
Jawa Tengah;Kabupaten Pekalongan;ID3326;1141.000;1.151;8.95;103.30;0.2924407023;0.4239408838;0.5888067831;3.30;82.61;0.070029;0.028441;0.504532;0.074703;0.127349;0.594854;0.276349;0.434390;0.669472;50.55182491;48.65207300;4.262367233;17.535921870;3.9950540230;37.54385965;100.00000000;4.738439484;3.982475865
Jawa Tengah;Kabupaten Pemalang;ID3327;1355.000;1.188;14.92;102.60;0.2419422841;0.2594555326;0.5837749483;6.63;84.32;0.081857;0.023439;0.542136;0.074229;0.141395;0.582884;0.329467;0.476291;0.709550;51.37865852;64.57804373;4.049735434;14.447736520;3.4254616690;39.91031390;97.75784753;5.549450066;4.224135304
Jawa Tengah;Kabupaten Tegal;ID3328;1702.000;1.209;6.81;102.70;0.2866013852;0.2770480057;0.6567948412;7.53;87.09;0.069899;0.035600;0.471614;0.076759;0.135877;0.659585;0.352749;0.468232;0.639793;50.05799003;50.75926527;3.892957098;16.983433280;3.4004060190;40.06968641;100.00000000;6.545380628;5.958067139
Jawa Tengah;Kabupaten Brebes;ID3329;1185.000;1.096;15.60;102.80;0.2580488986;0.2943597192;0.7746308400;8.35;85.85;0.077967;0.038990;0.549757;0.072211;0.139267;0.510378;0.260715;0.491272;0.681151;48.36955290;66.68610050;3.818136406;11.983520870;3.6122004360;30.30303030;100.00000000;5.063661558;3.916576563
Jawa Tengah;Kota Magelang;ID3371;6596.000;0.164;5.94;98.50;3.8797680310;0.6534346157;7.3511394270;4.40;88.55;0.016842;0.044280;0.210370;0.058903;0.155582;1.000000;0.027351;0.579802;0.789516;68.22673095;41.58796150;3.733593550;92.079741380;4.5086988480;100.00000000;100.00000000;26.724137930;25.770000790
Jawa Tengah;Kota Surakarta;ID3372;11302.000;0.209;8.31;96.90;2.4732974770;0.5151124915;3.9769714420;4.61;85.07;0.018889;0.050017;0.205702;0.059320;0.135627;1.000000;0.041857;0.613448;0.850550;71.38205737;38.24981255;3.534262939;234.610445200;2.7649420500;94.44444444;100.00000000;32.983732880;34.671497890
Jawa Tengah;Kota Salatiga;ID3373;3661.000;1.207;4.57;97.50;1.7637998710;0.4769712327;2.9810702040;3.86;96.28;0.025823;0.045969;0.214781;0.066899;0.134016;1.000000;0.058157;0.583690;0.875116;72.00938085;37.37628763;3.622895066;91.960712990;3.5275997420;69.56521739;100.00000000;15.751182250;15.974640970
Jawa Tengah;Kota Semarang;ID3374;4618.000;0.832;4.03;97.90;1.7421276550;0.3557989970;2.1652241590;5.82;95.83;0.024831;0.044142;0.216878;0.065309;0.105212;0.996745;0.059446;0.574570;0.824726;70.08956786;32.04188963;3.772245433;63.094594590;1.9475313520;59.32203390;99.43502825;17.400000000;18.573841680
Jawa Tengah;Kota Pekalongan;ID3375;6950.000;1.134;6.71;102.00;1.0059171600;0.6976019931;2.4914356900;4.91;89.38;0.039953;0.038565;0.347046;0.071910;0.105080;1.000000;0.182280;0.467028;0.740272;59.30917976;37.40686284;3.921709702;75.173160170;1.7907194020;55.55555556;100.00000000;23.051948050;24.443703360
Jawa Tengah;Kota Tegal;ID3376;7316.000;1.061;7.64;101.60;1.1230058770;0.4478029667;1.3993842710;5.88;92.48;0.037075;0.050374;0.341710;0.069968;0.121329;1.000000;0.136727;0.475355;0.740534;61.13056359;37.82778741;3.676232753;58.265097240;5.1427371960;40.74074074;100.00000000;19.651995910;24.738692550
D.I. Yogyakarta;Kulonprogo;ID3401;760.000;0.501;15.62;98.13;0.7051109315;0.7545136082;2.0210185930;2.01;97.16;0.056774;0.041326;0.343464;0.069260;0.201585;0.328524;0.118411;0.549620;0.739955;54.26544312;66.38364622;3.586391287;12.043851260;9.1529686520;92.04545455;94.31818182;4.980735382;3.459485470
D.I. Yogyakarta;Bantul;ID3402;2008.000;0.827;11.66;98.95;0.8656349791;0.4244657332;1.4738393520;3.62;96.46;0.057159;0.046189;0.298891;0.074393;0.152223;0.941881;0.124250;0.578945;0.766420;60.92957696;43.74438234;3.441097792;32.778587700;3.9705232130;100.00000000;100.00000000;8.602596022;8.766870284
D.I. Yogyakarta;Gunungkidul;ID3403;506.000;0.158;15.18;97.71;0.4400483920;0.6381366410;1.1965062020;2.16;97.63;0.093840;0.038108;0.469510;0.061689;0.223606;0.199032;0.102534;0.476988;0.634786;50.39996300;65.96319448;3.504254167;8.315103512;6.1207939480;83.33333333;98.61111111;2.845140179;2.613017052
D.I. Yogyakarta;Sleman;ID3404;2033.000;0.965;7.46;98.17;2.2944534310;0.3423280016;2.3107140110;4.13;96.43;0.035797;0.064968;0.207018;0.071441;0.134776;0.996944;0.136667;0.639661;0.834647;67.49778003;41.48429481;3.154496804;47.771760820;5.3813961850;96.51162791;100.00000000;9.521585223;11.407045900
D.I. Yogyakarta;Kota Yogyakarta;ID3471;11562.000;0.021;6.26;94.71;2.8527329820;0.7664058758;4.7900367240;5.80;96.27;0.016531;0.094492;0.176888;0.061254;0.124189;1.000000;0.052925;0.694667;0.876222;73.54790356;38.42670702;3.030224316;367.378652600;5.6070040980;100.00000000;100.00000000;37.478290010;38.306902550
Jawa Timur;Pacitan;ID3501;411.000;0.102;13.08;100.84;0.3143216853;0.6524298765;0.5097108410;1.56;81.26;0.062325;0.035264;0.496940;0.054346;0.239894;0.246050;0.449377;0.430990;0.609981;53.46203025;74.44515366;3.541711483;5.152798220;6.2116761160;66.86046512;96.51162791;3.355910686;1.623034112
Jawa Timur;Ponorogo;ID3502;679.000;0.354;9.11;99.29;0.4621259246;0.5150886711;0.8307881791;4.19;92.57;0.101273;0.043251;0.416727;0.056554;0.226016;0.375677;0.344060;0.465822;0.696434;52.58474027;74.71368882;3.541903871;11.740282810;5.4219313540;27.36156352;98.37133551;4.873045636;3.792642585
Jawa Timur;Trenggalek;ID3503;596.000;0.445;10.50;100.46;0.3129549936;0.4727903766;0.5372617916;3.90;84.66;0.048952;0.034276;0.473687;0.058984;0.203920;0.386165;0.442295;0.373268;0.666546;55.64699088;68.95344075;3.492401817;9.887690818;4.9468379460;61.14649682;99.36305733;4.846185250;2.392284426
Jawa Timur;Tulungagung;ID3504;973.000;0.551;6.28;100.09;0.5287979408;0.4596681591;1.1671261850;4.12;87.76;0.036712;0.041409;0.401742;0.067408;0.189819;0.557790;0.463302;0.458584;0.720409;57.61908148;60.45084500;3.558761683;15.103142770;4.0095273410;26.56826568;95.57195572;5.679187090;4.999067131
Jawa Timur;Blitar;ID3505;724.000;0.806;8.16;101.07;0.3600694815;0.3038828152;0.6330891983;4.77;86.16;0.057512;0.047662;0.431352;0.066281;0.202603;0.478254;0.483098;0.429740;0.753148;53.13327277;69.02138234;3.481128290;11.014462860;5.4311139600;41.93548387;97.58064516;4.465493135;4.339849034
Jawa Timur;Kediri;ID3506;1109.000;0.757;9.95;101.86;0.4455842776;0.3503132700;0.6509199274;5.10;94.94;0.056970;0.039751;0.412311;0.071552;0.172807;0.553707;0.348555;0.407737;0.653815;52.63376013;58.15008803;3.702118146;17.904119300;4.3771406390;37.50000000;96.51162791;6.622646958;5.623104140
Jawa Timur;Malang;ID3507;788.000;0.751;8.98;101.05;0.6107471766;0.2280707590;0.9502948290;5.13;86.74;0.050119;0.026484;0.463379;0.068843;0.169548;0.576520;0.450420;0.382889;0.674442;54.97329345;55.87579644;3.681840053;14.206089640;3.0164550860;56.92307692;95.38461539;5.280931872;3.456830711
Jawa Timur;Lumajang;ID3508;638.000;0.597;8.65;97.76;0.3796311730;0.3490861361;0.6981722723;3.28;82.45;0.070203;0.037932;0.522394;0.063565;0.173282;0.379384;0.503427;0.330381;0.564814;49.66985363;66.40051547;3.593415846;8.662289244;3.4350075800;38.53658537;90.24390244;5.294084915;2.745554704
Jawa Timur;Jember;ID3509;786.000;0.657;9.01;99.25;0.3537114935;0.3072412539;0.5376721943;3.23;67.46;0.104424;0.035789;0.518562;0.068295;0.170066;0.536212;0.517043;0.353242;0.597747;49.91392625;61.48953104;3.503757848;11.475315830;2.1299499930;83.06451613;89.11290323;5.736601619;3.579097790
Jawa Timur;Banyuwangi;ID3510;488.000;0.602;6.54;99.95;0.4018483886;0.4103983543;0.7409970286;4.03;86.22;0.061381;0.041639;0.418693;0.064849;0.187640;0.630476;0.418446;0.415057;0.703811;57.05989669;60.66265540;3.346042223;8.141612625;2.8967283840;46.54377880;90.78341014;3.262267249;2.239567581
Jawa Timur;Bondowoso;ID3511;510.000;0.520;12.60;97.25;0.2966014522;0.5048535357;0.5048535357;3.63;62.10;0.101359;0.046835;0.547371;0.060400;0.192974;0.423391;0.124656;0.372997;0.541321;48.53263566;71.62216617;3.053053375;7.692653972;4.1852358110;50.68493151;98.17351598;5.375597271;1.814287058
Jawa Timur;Situbondo;ID3512;424.000;0.531;11.51;96.62;0.3496408689;0.4566737879;1.2843950290;3.15;62.66;0.105761;0.038313;0.486134;0.060538;0.173179;0.542928;0.447689;0.402835;0.549137;53.00909552;67.93533694;3.093063599;6.472679777;4.0315732840;45.58823529;83.82352941;3.458868490;1.373037309
Jawa Timur;Probolinggo;ID3513;687.000;0.705;16.45;97.44;0.2455194804;0.4454786449;0.5062257328;3.00;66.39;0.119255;0.028881;0.566258;0.070177;0.155582;0.437450;0.191139;0.373543;0.575215;48.04412975;63.45443790;3.548308394;10.967173280;3.7536638090;29.39393939;82.42424242;7.053017959;2.554839368
Jawa Timur;Pasuruan;ID3514;1110.000;0.772;8.63;100.07;0.4061027651;0.3186066270;0.6637638063;5.02;86.36;0.051535;0.038093;0.493077;0.069378;0.122377;0.537320;0.307398;0.333689;0.619431;51.06437824;52.14940318;3.662939506;21.111773330;2.7841874570;31.50684932;89.31506849;8.647349142;4.440809204
Jawa Timur;Sidoarjo;ID3515;2999.000;1.061;4.53;100.95;1.0145154460;0.2284156428;1.4736493080;6.49;97.95;0.012546;0.030058;0.224614;0.074408;0.099304;0.995802;0.115796;0.507593;0.794842;66.90530392;32.63798266;3.732754195;47.920004420;1.8144307110;41.04046243;92.48554913;10.792221420;12.779031650
Jawa Timur;Mojokerto;ID3516;1172.000;0.768;9.37;101.06;0.6523677136;0.3742667361;0.9529940039;3.87;91.14;0.046920;0.033532;0.352838;0.070871;0.140953;0.582959;0.272426;0.431692;0.689652;55.69956943;52.29771511;3.742083893;25.898805650;2.6891758070;42.76315789;92.43421053;7.018808905;5.902259744
Jawa Timur;Jombang;ID3517;1228.000;0.844;8.60;101.59;0.4725922197;0.3992083346;1.1007582760;3.75;96.13;0.053827;0.038222;0.342679;0.071459;0.158683;0.720451;0.282395;0.416025;0.685757;54.46694152;53.51211409;3.765457505;24.119692930;4.6180478860;36.60130719;95.75163399;7.055071001;5.066949448
Jawa Timur;Nganjuk;ID3518;878.000;0.631;10.17;100.98;0.3172002965;0.2827412114;0.3534265142;3.87;90.96;0.062418;0.035817;0.407446;0.067087;0.184061;0.459686;0.264821;0.452738;0.629972;50.61660676;67.38433094;3.599352248;16.649987980;3.9627947910;51.40845070;98.94366197;5.266587540;4.115554167
Jawa Timur;Madiun;ID3519;681.000;0.437;10.63;97.90;0.3496784937;0.5489292581;0.3958624457;4.34;91.47;0.075595;0.052316;0.406541;0.061017;0.210277;0.391941;0.091135;0.468680;0.638042;53.93464444;66.29098322;3.360685300;14.127672570;5.4708190000;60.67961165;93.68932039;4.573332256;3.742058132
Jawa Timur;Magetan;ID3520;970.000;0.557;9.32;96.76;0.3822027717;0.5134938001;0.8752735230;3.28;89.99;0.062257;0.046245;0.412372;0.057583;0.238643;0.486825;0.375896;0.445539;0.629407;51.82971853;69.83941932;3.581294567;19.769548720;5.6236323850;46.80851064;98.29787234;8.388539720;6.357205547
Jawa Timur;Ngawi;ID3521;633.000;0.386;13.81;98.12;0.4976891388;0.4343468848;0.5655558396;2.40;82.99;0.080373;0.047948;0.425959;0.056404;0.212128;0.281309;0.219448;0.526277;0.621761;53.63047835;72.37949635;3.215728079;11.044562260;4.2190465630;39.17050691;97.23502304;5.360366815;3.402539210
Jawa Timur;Bojonegoro;ID3522;573.000;0.432;11.69;100.62;0.3704824345;0.4225461575;0.8300013808;4.42;96.43;0.075000;0.031066;0.439947;0.061600;0.175103;0.287520;0.009316;0.436853;0.591524;51.07935815;68.68894848;3.631649495;10.001167500;4.6185804110;58.83720930;91.86046512;4.907832208;2.530600316
Jawa Timur;Tuban;ID3523;621.000;0.542;14.36;99.65;0.3689178546;0.4309482903;0.4897139662;4.28;85.12;0.058435;0.030018;0.447448;0.063701;0.158290;0.338265;0.101479;0.336666;0.586299;48.38522945;61.57456776;3.693165933;9.960476311;4.0466697410;39.63414634;75.60975610;5.141119838;2.521724928
Jawa Timur;Lamongan;ID3524;786.000;0.635;12.16;100.00;0.5289711475;0.3715133436;1.3786627990;4.34;95.88;0.056955;0.034028;0.377811;0.061859;0.172753;0.307254;0.269131;0.418790;0.645148;51.59602900;59.02507971;3.890804903;14.664719210;3.3595835570;25.10548523;93.24894515;4.592317040;3.056264156
Jawa Timur;Gresik;ID3525;1086.000;1.007;10.32;101.35;0.8277010804;0.3753613403;1.4662552350;6.45;93.22;0.026104;0.033744;0.299657;0.074600;0.119527;0.697849;0.052325;0.450938;0.760720;59.62585058;43.61929080;3.917506642;21.420611930;2.6458575720;39.04494382;87.35955056;4.415135789;4.940623286
Jawa Timur;Bangkalan;ID3526;847.000;0.980;18.66;97.65;0.2612192773;0.3192680055;0.7256091035;5.35;50.31;0.075280;0.042657;0.591487;0.071585;0.152817;0.336703;0.639388;0.266987;0.513494;50.44666231;75.11996688;4.077468095;10.024365310;2.6711485120;5.69395018;59.43060498;3.798528858;3.678613308
Jawa Timur;Sampang;ID3527;827.000;1.175;20.83;98.83;0.2125452889;0.3463701004;0.4920029835;2.50;87.24;0.154561;0.043923;0.611831;0.075657;0.126246;0.228932;0.495051;0.198636;0.516349;47.22335610;84.93953130;3.960472126;12.536535720;3.2629637870;15.59139785;99.46236559;4.708324852;3.795625728
Jawa Timur;Pamekasan;ID3528;1113.000;1.016;13.41;96.78;0.3255351832;0.3797910471;1.0172974480;1.64;72.94;0.075844;0.049451;0.490411;0.071859;0.130537;0.332878;0.216193;0.334333;0.599596;53.73819605;77.62556445;3.813164959;14.671445640;3.6487068450;28.57142857;93.12169312;8.892661762;5.252402335
Jawa Timur;Sumenep;ID3529;553.000;0.576;17.78;94.06;0.2679528403;0.4162374218;0.4335806477;1.69;73.31;0.074784;0.049930;0.497433;0.059090;0.170441;0.262387;0.137573;0.345031;0.519413;57.10805815;74.69000432;3.255830791;10.354987000;5.0624876430;10.47904192;38.92215569;3.909271504;2.280218144
Jawa Timur;Kota Kediri;ID3571;4436.000;1.016;6.51;100.56;2.4578592820;0.4828536652;4.3590955880;3.91;95.39;0.031836;0.040273;0.234270;0.068150;0.137722;1.000000;0.021668;0.579970;0.801716;66.91236254;37.58291560;3.804822358;91.625762310;6.0893212220;65.21739130;100.00000000;17.953294660;17.189384810
Jawa Timur;Kota Blitar;ID3572;4665.000;0.978;6.75;98.49;1.9500603740;0.3099433708;3.8742921350;5.11;95.93;0.023802;0.046693;0.260106;0.071257;0.160192;1.000000;0.035084;0.523628;0.826222;62.83677040;45.59639266;3.738739680;185.662650600;4.5393789510;100.00000000;100.00000000;18.463855420;19.859315320
Jawa Timur;Kota Malang;ID3573;7856.000;0.855;3.91;98.77;2.3364432440;0.2933445171;3.2084556560;6.10;87.84;0.022897;0.039646;0.229919;0.065544;0.134432;1.000000;0.119667;0.562086;0.820989;71.02841597;37.70597387;3.706247913;209.182571100;3.2955423090;85.96491228;100.00000000;27.682751170;23.756345630
Jawa Timur;Kota Probolinggo;ID3574;4564.000;1.012;6.18;98.55;1.1140543160;0.3847094041;2.0036948130;4.44;91.59;0.056230;0.034936;0.344730;0.074355;0.086061;1.000000;0.057633;0.495913;0.718221;59.21049372;40.40030556;3.911387787;75.969275790;3.9152196650;93.10344828;96.55172414;23.079736650;17.351298850
Jawa Timur;Kota Pasuruan;ID3575;5625.000;1.386;6.32;100.08;1.1896514000;0.5834305718;0.9116102684;4.63;95.52;0.025377;0.034213;0.340446;0.078490;0.114475;1.000000;0.019178;0.437357;0.769679;58.80799473;36.02423202;3.954098466;121.000000000;2.6345536760;44.11764706;88.23529412;25.666666670;16.038499730
Jawa Timur;Kota Mojokerto;ID3576;6795.000;0.955;5.57;98.18;2.8822429090;0.6987255537;4.3670347110;3.76;98.56;0.022046;0.038490;0.216382;0.074173;0.131864;1.000000;0.040750;0.552799;0.799256;65.98901884;37.93693304;3.769723967;198.170128600;5.9973943360;27.77777778;100.00000000;24.381800200;25.017275770
Jawa Timur;Kota Madiun;ID3577;5584.000;0.900;4.38;95.86;2.5821863830;0.4757963393;4.9562118680;4.30;95.19;0.016075;0.047959;0.166469;0.062166;0.175586;1.000000;0.023019;0.624878;0.830355;70.13637532;40.91200435;3.475694708;139.606974800;2.7953034940;92.59259259;100.00000000;19.928037640;24.544437380
Jawa Timur;Kota Surabaya;ID3578;8698.000;0.364;3.96;98.01;2.5482581080;0.3449696714;2.2587299910;4.91;97.69;0.022218;0.043797;0.213727;0.068869;0.110352;1.000000;0.052451;0.583882;0.824767;72.03993847;36.04868860;3.650782142;86.479326050;1.3720073540;56.86274510;100.00000000;17.286339420;25.853596440
Jawa Timur;Kota Batu;ID3579;1147.000;1.135;3.06;101.26;1.3606664120;0.3592518580;2.6943889350;3.63;96.39;0.037390;0.034279;0.339391;0.071251;0.148364;0.992100;0.044533;0.476280;0.791877;63.97982445;50.29780626;3.819698570;19.003965600;2.4069874490;100.00000000;100.00000000;5.932945357;4.929599972
Banten;Kab Pandeglang;ID3601;478.000;1.005;9.18;105.00;0.1719521852;0.4344055206;0.3770881255;8.09;63.66;0.033478;0.023350;0.600979;0.079406;0.135959;0.420962;0.477155;0.279546;0.546197;43.95283531;72.34702236;3.976070185;6.595559661;3.5589577280;63.12684366;76.40117994;2.177591912;1.362668014
Banten;Kab Lebak;ID3602;438.000;1.081;8.44;105.71;0.2173598029;0.4747414108;0.2760124482;6.23;70.23;0.049891;0.024797;0.641046;0.078900;0.123311;0.279462;0.309847;0.290757;0.517291;42.81301625;70.84155906;3.848178488;9.381736500;5.6913766810;20.28985507;89.85507246;2.042461460;1.223101605
Banten;Kab Tangerang;ID3603;3309.000;1.127;6.55;104.14;0.6807842399;0.2070289870;0.8528182703;6.06;89.38;0.025933;0.025151;0.346582;0.082507;0.087710;0.961616;0.226329;0.422659;0.723381;58.55906168;31.24848102;3.900784239;47.586012300;1.2859911370;50.00000000;70.07299270;9.198645598;12.124068650
Banten;Kab Serang;ID3604;1158.000;1.171;4.51;104.21;0.2720648725;0.2914561053;0.4700904924;9.18;85.31;0.035139;0.028888;0.461740;0.081192;0.107711;0.453916;0.400093;0.307949;0.597671;50.71690690;43.72862080;4.266293676;13.760706440;2.5666940890;23.00613497;83.43558282;4.671714595;4.019874290
Banten;Kota Tangerang;ID3671;11012.000;0.687;5.43;101.62;0.8874880981;0.3177237942;1.7821046150;5.92;96.93;0.018423;0.025342;0.207079;0.076487;0.080766;1.000000;0.079986;0.576707;0.839914;70.53006711;29.00737196;3.731955612;122.702551200;1.1405469530;38.46153846;93.26923077;18.317914210;31.905119420
Banten;Kota Cilegon;ID3672;2804.000;1.132;3.75;102.65;1.0688731840;0.3160528511;1.3168868790;6.08;97.10;0.014800;0.023329;0.301399;0.082353;0.053220;1.000000;0.034900;0.407127;0.804761;60.98124257;35.25655920;4.155868097;47.166328230;2.2277336380;86.04651163;100.00000000;7.507230324;11.832196500
Banten;Kota Serang;ID3673;2765.000;1.534;5.65;104.20;0.6028277110;0.3483609346;1.9050988610;7.12;92.71;0.043164;0.025731;0.447554;0.084916;0.084374;0.889800;0.305522;0.338135;0.694238;55.38402797;44.88499747;4.431379308;32.864291360;1.5322437980;44.77611940;100.00000000;7.840776553;7.786065845
Banten;Kota Tangerang Selatan;ID3674;8489.000;0.568;2.36;99.54;1.4548052880;0.4001429082;2.2150768130;5.09;99.34;0.015929;0.024134;0.212104;0.071815;0.090127;1.000000;0.132255;0.603820;0.816510;72.12601829;32.28223382;3.802813560;133.925755200;0.6352268667;50.00000000;74.07407407;18.694650010;29.063301070
